[
  {
    "id": 9,
    "priority": 1,
    "condition": {
      "urlFilter": "7.04bb0a1c.js"
    },
    "action": {
      "type": "redirect",
      "redirect": {
        "extensionPath": "/overrides/weread/7.04bb0a1c.js"
      }
    }
  },
  {
    "id": 10,
    "priority": 1,
    "condition": {
      "urlFilter": "7.0a38f2f5.js"
    },
    "action": {
      "type": "redirect",
      "redirect": {
        "extensionPath": "/overrides/weread/7.0a38f2f5.js"
      }
    }
  },
  {
    "id": 11,
    "priority": 1,
    "condition": {
      "urlFilter": "7.1a24df31.js"
    },
    "action": {
      "type": "redirect",
      "redirect": {
        "extensionPath": "/overrides/weread/7.1a24df31.js"
      }
    }
  },
  {
    "id": 12,
    "priority": 1,
    "condition": {
      "urlFilter": "7.20b30d46.js"
    },
    "action": {
      "type": "redirect",
      "redirect": {
        "extensionPath": "/overrides/weread/7.20b30d46.js"
      }
    }
  },
  {
    "id": 13,
    "priority": 1,
    "condition": {
      "urlFilter": "7.24acd39e.js"
    },
    "action": {
      "type": "redirect",
      "redirect": {
        "extensionPath": "/overrides/weread/7.24acd39e.js"
      }
    }
  },
  {
    "id": 14,
    "priority": 1,
    "condition": {
      "urlFilter": "7.2a0ae8be.js"
    },
    "action": {
      "type": "redirect",
      "redirect": {
        "extensionPath": "/overrides/weread/7.2a0ae8be.js"
      }
    }
  },
  {
    "id": 15,
    "priority": 1,
    "condition": {
      "urlFilter": "7.2fb98ce9.js"
    },
    "action": {
      "type": "redirect",
      "redirect": {
        "extensionPath": "/overrides/weread/7.2fb98ce9.js"
      }
    }
  },
  {
    "id": 16,
    "priority": 1,
    "condition": {
      "urlFilter": "7.3394fd13.js"
    },
    "action": {
      "type": "redirect",
      "redirect": {
        "extensionPath": "/overrides/weread/7.3394fd13.js"
      }
    }
  },
  {
    "id": 17,
    "priority": 1,
    "condition": {
      "urlFilter": "7.3b8878b8.js"
    },
    "action": {
      "type": "redirect",
      "redirect": {
        "extensionPath": "/overrides/weread/7.3b8878b8.js"
      }
    }
  },
  {
    "id": 18,
    "priority": 1,
    "condition": {
      "urlFilter": "7.3da2de76.js"
    },
    "action": {
      "type": "redirect",
      "redirect": {
        "extensionPath": "/overrides/weread/7.3da2de76.js"
      }
    }
  },
  {
    "id": 19,
    "priority": 1,
    "condition": {
      "urlFilter": "7.70713d4a.js"
    },
    "action": {
      "type": "redirect",
      "redirect": {
        "extensionPath": "/overrides/weread/7.70713d4a.js"
      }
    }
  },
  {
    "id": 20,
    "priority": 1,
    "condition": {
      "urlFilter": "7.76a189e5.js"
    },
    "action": {
      "type": "redirect",
      "redirect": {
        "extensionPath": "/overrides/weread/7.76a189e5.js"
      }
    }
  },
  {
    "id": 21,
    "priority": 1,
    "condition": {
      "urlFilter": "7.79c38430.js"
    },
    "action": {
      "type": "redirect",
      "redirect": {
        "extensionPath": "/overrides/weread/7.79c38430.js"
      }
    }
  },
  {
    "id": 22,
    "priority": 1,
    "condition": {
      "urlFilter": "7.8c1ddae9.js"
    },
    "action": {
      "type": "redirect",
      "redirect": {
        "extensionPath": "/overrides/weread/7.8c1ddae9.js"
      }
    }
  },
  {
    "id": 23,
    "priority": 1,
    "condition": {
      "urlFilter": "7.9202be9e.js"
    },
    "action": {
      "type": "redirect",
      "redirect": {
        "extensionPath": "/overrides/weread/7.9202be9e.js"
      }
    }
  },
  {
    "id": 24,
    "priority": 1,
    "condition": {
      "urlFilter": "7.9409adc3.js"
    },
    "action": {
      "type": "redirect",
      "redirect": {
        "extensionPath": "/overrides/weread/7.9409adc3.js"
      }
    }
  },
  {
    "id": 25,
    "priority": 1,
    "condition": {
      "urlFilter": "7.947c2729.js"
    },
    "action": {
      "type": "redirect",
      "redirect": {
        "extensionPath": "/overrides/weread/7.947c2729.js"
      }
    }
  },
  {
    "id": 26,
    "priority": 1,
    "condition": {
      "urlFilter": "7.9a9d9490.js"
    },
    "action": {
      "type": "redirect",
      "redirect": {
        "extensionPath": "/overrides/weread/7.9a9d9490.js"
      }
    }
  },
  {
    "id": 27,
    "priority": 1,
    "condition": {
      "urlFilter": "7.9b51c786.js"
    },
    "action": {
      "type": "redirect",
      "redirect": {
        "extensionPath": "/overrides/weread/7.9b51c786.js"
      }
    }
  },
  {
    "id": 28,
    "priority": 1,
    "condition": {
      "urlFilter": "7.a06eabbb.js"
    },
    "action": {
      "type": "redirect",
      "redirect": {
        "extensionPath": "/overrides/weread/7.a06eabbb.js"
      }
    }
  },
  {
    "id": 29,
    "priority": 1,
    "condition": {
      "urlFilter": "7.a320306a.js"
    },
    "action": {
      "type": "redirect",
      "redirect": {
        "extensionPath": "/overrides/weread/7.a320306a.js"
      }
    }
  },
  {
    "id": 30,
    "priority": 1,
    "condition": {
      "urlFilter": "7.ab56cea8.js"
    },
    "action": {
      "type": "redirect",
      "redirect": {
        "extensionPath": "/overrides/weread/7.ab56cea8.js"
      }
    }
  },
  {
    "id": 31,
    "priority": 1,
    "condition": {
      "urlFilter": "7.bd5fbf27.js"
    },
    "action": {
      "type": "redirect",
      "redirect": {
        "extensionPath": "/overrides/weread/7.bd5fbf27.js"
      }
    }
  },
  {
    "id": 32,
    "priority": 1,
    "condition": {
      "urlFilter": "7.c7402365.js"
    },
    "action": {
      "type": "redirect",
      "redirect": {
        "extensionPath": "/overrides/weread/7.c7402365.js"
      }
    }
  },
  {
    "id": 33,
    "priority": 1,
    "condition": {
      "urlFilter": "7.c9283531.js"
    },
    "action": {
      "type": "redirect",
      "redirect": {
        "extensionPath": "/overrides/weread/7.c9283531.js"
      }
    }
  },
  {
    "id": 34,
    "priority": 1,
    "condition": {
      "urlFilter": "7.c9fda82f.js"
    },
    "action": {
      "type": "redirect",
      "redirect": {
        "extensionPath": "/overrides/weread/7.c9fda82f.js"
      }
    }
  },
  {
    "id": 35,
    "priority": 1,
    "condition": {
      "urlFilter": "7.ce60691e.js"
    },
    "action": {
      "type": "redirect",
      "redirect": {
        "extensionPath": "/overrides/weread/7.ce60691e.js"
      }
    }
  },
  {
    "id": 36,
    "priority": 1,
    "condition": {
      "urlFilter": "7.d69be44e.js"
    },
    "action": {
      "type": "redirect",
      "redirect": {
        "extensionPath": "/overrides/weread/7.d69be44e.js"
      }
    }
  },
  {
    "id": 37,
    "priority": 1,
    "condition": {
      "urlFilter": "7.da762a26.js"
    },
    "action": {
      "type": "redirect",
      "redirect": {
        "extensionPath": "/overrides/weread/7.da762a26.js"
      }
    }
  },
  {
    "id": 38,
    "priority": 1,
    "condition": {
      "urlFilter": "7.dc67f89b.js"
    },
    "action": {
      "type": "redirect",
      "redirect": {
        "extensionPath": "/overrides/weread/7.dc67f89b.js"
      }
    }
  },
  {
    "id": 39,
    "priority": 1,
    "condition": {
      "urlFilter": "7.dc814d1d.js"
    },
    "action": {
      "type": "redirect",
      "redirect": {
        "extensionPath": "/overrides/weread/7.dc814d1d.js"
      }
    }
  },
  {
    "id": 40,
    "priority": 1,
    "condition": {
      "urlFilter": "7.f554b531.js"
    },
    "action": {
      "type": "redirect",
      "redirect": {
        "extensionPath": "/overrides/weread/7.f554b531.js"
      }
    }
  },
  {
    "id": 41,
    "priority": 1,
    "condition": {
      "urlFilter": "7.f69c4bdc.js"
    },
    "action": {
      "type": "redirect",
      "redirect": {
        "extensionPath": "/overrides/weread/7.f69c4bdc.js"
      }
    }
  },
  {
    "id": 42,
    "priority": 1,
    "condition": {
      "urlFilter": "7.f6ac3b8d.js"
    },
    "action": {
      "type": "redirect",
      "redirect": {
        "extensionPath": "/overrides/weread/7.f6ac3b8d.js"
      }
    }
  },
  {
    "id": 43,
    "priority": 1,
    "condition": {
      "urlFilter": "7.fab7d9dc.js"
    },
    "action": {
      "type": "redirect",
      "redirect": {
        "extensionPath": "/overrides/weread/7.fab7d9dc.js"
      }
    }
  }
]
