[
  {
    "id": 1,
    "priority": 1,
    "condition": {
      "urlFilter": "8.09d8684c.js"
    },
    "action": {
      "type": "redirect",
      "redirect": {
        "extensionPath": "/overrides/weread/8.09d8684c.js"
      }
    }
  },
  {
    "id": 2,
    "priority": 1,
    "condition": {
      "urlFilter": "8.126c7638.js"
    },
    "action": {
      "type": "redirect",
      "redirect": {
        "extensionPath": "/overrides/weread/8.126c7638.js"
      }
    }
  },
  {
    "id": 3,
    "priority": 1,
    "condition": {
      "urlFilter": "8.1b1a58af.js"
    },
    "action": {
      "type": "redirect",
      "redirect": {
        "extensionPath": "/overrides/weread/8.1b1a58af.js"
      }
    }
  },
  {
    "id": 4,
    "priority": 1,
    "condition": {
      "urlFilter": "8.2b33baa9.js"
    },
    "action": {
      "type": "redirect",
      "redirect": {
        "extensionPath": "/overrides/weread/8.2b33baa9.js"
      }
    }
  },
  {
    "id": 5,
    "priority": 1,
    "condition": {
      "urlFilter": "8.6727fad4.js"
    },
    "action": {
      "type": "redirect",
      "redirect": {
        "extensionPath": "/overrides/weread/8.6727fad4.js"
      }
    }
  },
  {
    "id": 6,
    "priority": 1,
    "condition": {
      "urlFilter": "8.82196ea9.js"
    },
    "action": {
      "type": "redirect",
      "redirect": {
        "extensionPath": "/overrides/weread/8.82196ea9.js"
      }
    }
  },
  {
    "id": 7,
    "priority": 1,
    "condition": {
      "urlFilter": "8.a0b49d48.js"
    },
    "action": {
      "type": "redirect",
      "redirect": {
        "extensionPath": "/overrides/weread/8.a0b49d48.js"
      }
    }
  },
  {
    "id": 8,
    "priority": 1,
    "condition": {
      "urlFilter": "8.c1484fdd.js"
    },
    "action": {
      "type": "redirect",
      "redirect": {
        "extensionPath": "/overrides/weread/8.c1484fdd.js"
      }
    }
  },
  {
    "id": 9,
    "priority": 1,
    "condition": {
      "urlFilter": "8.e62d5026.js"
    },
    "action": {
      "type": "redirect",
      "redirect": {
        "extensionPath": "/overrides/weread/8.e62d5026.js"
      }
    }
  },
  {
    "id": 10,
    "priority": 1,
    "condition": {
      "urlFilter": "9.16e91701.js"
    },
    "action": {
      "type": "redirect",
      "redirect": {
        "extensionPath": "/overrides/weread/9.16e91701.js"
      }
    }
  },
  {
    "id": 11,
    "priority": 1,
    "condition": {
      "urlFilter": "9.58102893.js"
    },
    "action": {
      "type": "redirect",
      "redirect": {
        "extensionPath": "/overrides/weread/9.58102893.js"
      }
    }
  }
]