[
  {
    "id": 1,
    "priority": 1,
    "condition": {
      "urlFilter": "7.1c8aad8c.js"
    },
    "action": {
      "type": "redirect",
      "redirect": {
        "extensionPath": "/overrides/weread/7.1c8aad8c.js"
      }
    }
  },
  {
    "id": 2,
    "priority": 1,
    "condition": {
      "urlFilter": "7.5853f5ce.js"
    },
    "action": {
      "type": "redirect",
      "redirect": {
        "extensionPath": "/overrides/weread/7.5853f5ce.js"
      }
    }
  },
  {
    "id": 3,
    "priority": 1,
    "condition": {
      "urlFilter": "7.68f5013a.js"
    },
    "action": {
      "type": "redirect",
      "redirect": {
        "extensionPath": "/overrides/weread/7.68f5013a.js"
      }
    }
  },
  {
    "id": 4,
    "priority": 1,
    "condition": {
      "urlFilter": "7.8e1d03c5.js"
    },
    "action": {
      "type": "redirect",
      "redirect": {
        "extensionPath": "/overrides/weread/7.8e1d03c5.js"
      }
    }
  },
  {
    "id": 5,
    "priority": 1,
    "condition": {
      "urlFilter": "7.905964f9.js"
    },
    "action": {
      "type": "redirect",
      "redirect": {
        "extensionPath": "/overrides/weread/7.905964f9.js"
      }
    }
  },
  {
    "id": 6,
    "priority": 1,
    "condition": {
      "urlFilter": "7.bcc01791.js"
    },
    "action": {
      "type": "redirect",
      "redirect": {
        "extensionPath": "/overrides/weread/7.bcc01791.js"
      }
    }
  },
  {
    "id": 7,
    "priority": 1,
    "condition": {
      "urlFilter": "7.c0d178f2.js"
    },
    "action": {
      "type": "redirect",
      "redirect": {
        "extensionPath": "/overrides/weread/7.c0d178f2.js"
      }
    }
  },
  {
    "id": 8,
    "priority": 1,
    "condition": {
      "urlFilter": "7.c2344937.js"
    },
    "action": {
      "type": "redirect",
      "redirect": {
        "extensionPath": "/overrides/weread/7.c2344937.js"
      }
    }
  },
  {
    "id": 9,
    "priority": 1,
    "condition": {
      "urlFilter": "7.cfe384e5.js"
    },
    "action": {
      "type": "redirect",
      "redirect": {
        "extensionPath": "/overrides/weread/7.cfe384e5.js"
      }
    }
  },
  {
    "id": 10,
    "priority": 1,
    "condition": {
      "urlFilter": "7.e5ed2744.js"
    },
    "action": {
      "type": "redirect",
      "redirect": {
        "extensionPath": "/overrides/weread/7.e5ed2744.js"
      }
    }
  },
  {
    "id": 11,
    "priority": 1,
    "condition": {
      "urlFilter": "7.f8cd399c.js"
    },
    "action": {
      "type": "redirect",
      "redirect": {
        "extensionPath": "/overrides/weread/7.f8cd399c.js"
      }
    }
  }
]