[
  {
    "id": 1,
    "priority": 1,
    "condition": {
      "urlFilter": "7.8f33e82b.js"
    },
    "action": {
      "type": "redirect",
      "redirect": {
        "extensionPath": "/overrides/weread/7.8f33e82b.js"
      }
    }
  },
  {
    "id": 2,
    "priority": 1,
    "condition": {
      "urlFilter": "8.044e9459.js"
    },
    "action": {
      "type": "redirect",
      "redirect": {
        "extensionPath": "/overrides/weread/8.044e9459.js"
      }
    }
  },
  {
    "id": 3,
    "priority": 1,
    "condition": {
      "urlFilter": "8.30625fca.js"
    },
    "action": {
      "type": "redirect",
      "redirect": {
        "extensionPath": "/overrides/weread/8.30625fca.js"
      }
    }
  },
  {
    "id": 4,
    "priority": 1,
    "condition": {
      "urlFilter": "8.60621a39.js"
    },
    "action": {
      "type": "redirect",
      "redirect": {
        "extensionPath": "/overrides/weread/8.60621a39.js"
      }
    }
  },
  {
    "id": 5,
    "priority": 1,
    "condition": {
      "urlFilter": "8.69d43536.js"
    },
    "action": {
      "type": "redirect",
      "redirect": {
        "extensionPath": "/overrides/weread/8.69d43536.js"
      }
    }
  },
  {
    "id": 6,
    "priority": 1,
    "condition": {
      "urlFilter": "8.c02802b1.js"
    },
    "action": {
      "type": "redirect",
      "redirect": {
        "extensionPath": "/overrides/weread/8.c02802b1.js"
      }
    }
  },
  {
    "id": 7,
    "priority": 1,
    "condition": {
      "urlFilter": "8.c4846ee2.js"
    },
    "action": {
      "type": "redirect",
      "redirect": {
        "extensionPath": "/overrides/weread/8.c4846ee2.js"
      }
    }
  },
  {
    "id": 8,
    "priority": 1,
    "condition": {
      "urlFilter": "8.e03cf306.js"
    },
    "action": {
      "type": "redirect",
      "redirect": {
        "extensionPath": "/overrides/weread/8.e03cf306.js"
      }
    }
  },
  {
    "id": 9,
    "priority": 1,
    "condition": {
      "urlFilter": "8.e3fd8354.js"
    },
    "action": {
      "type": "redirect",
      "redirect": {
        "extensionPath": "/overrides/weread/8.e3fd8354.js"
      }
    }
  },
  {
    "id": 10,
    "priority": 1,
    "condition": {
      "urlFilter": "8.eb149885.js"
    },
    "action": {
      "type": "redirect",
      "redirect": {
        "extensionPath": "/overrides/weread/8.eb149885.js"
      }
    }
  },
  {
    "id": 11,
    "priority": 1,
    "condition": {
      "urlFilter": "8.f0c2104c.js"
    },
    "action": {
      "type": "redirect",
      "redirect": {
        "extensionPath": "/overrides/weread/8.f0c2104c.js"
      }
    }
  }
]