[{"id":1,"priority":1,"condition":{"urlFilter":"6.014ecba2.js"},"action":{"type":"redirect","redirect":{"extensionPath":"/overrides/6.014ecba2.js"}}},{"id":2,"priority":1,"condition":{"urlFilter":"6.0cf1335d.js"},"action":{"type":"redirect","redirect":{"extensionPath":"/overrides/6.0cf1335d.js"}}},{"id":3,"priority":1,"condition":{"urlFilter":"6.9a7afd68.js"},"action":{"type":"redirect","redirect":{"extensionPath":"/overrides/6.9a7afd68.js"}}},{"id":4,"priority":1,"condition":{"urlFilter":"6.dd196dae.js"},"action":{"type":"redirect","redirect":{"extensionPath":"/overrides/6.dd196dae.js"}}}]