[
  {
    "id": 1,
    "priority": 1,
    "condition": {
      "urlFilter": "8.09d8684c.js"
    },
    "action": {
      "type": "redirect",
      "redirect": {
        "extensionPath": "/overrides/weread/8.09d8684c.js"
      }
    }
  },
  {
    "id": 2,
    "priority": 1,
    "condition": {
      "urlFilter": "8.126c7638.js"
    },
    "action": {
      "type": "redirect",
      "redirect": {
        "extensionPath": "/overrides/weread/8.126c7638.js"
      }
    }
  },
  {
    "id": 3,
    "priority": 1,
    "condition": {
      "urlFilter": "8.2b33baa9.js"
    },
    "action": {
      "type": "redirect",
      "redirect": {
        "extensionPath": "/overrides/weread/8.2b33baa9.js"
      }
    }
  },
  {
    "id": 4,
    "priority": 1,
    "condition": {
      "urlFilter": "8.82196ea9.js"
    },
    "action": {
      "type": "redirect",
      "redirect": {
        "extensionPath": "/overrides/weread/8.82196ea9.js"
      }
    }
  },
  {
    "id": 5,
    "priority": 1,
    "condition": {
      "urlFilter": "8.c1484fdd.js"
    },
    "action": {
      "type": "redirect",
      "redirect": {
        "extensionPath": "/overrides/weread/8.c1484fdd.js"
      }
    }
  },
  {
    "id": 6,
    "priority": 1,
    "condition": {
      "urlFilter": "9.155821e3.js"
    },
    "action": {
      "type": "redirect",
      "redirect": {
        "extensionPath": "/overrides/weread/9.155821e3.js"
      }
    }
  },
  {
    "id": 7,
    "priority": 1,
    "condition": {
      "urlFilter": "9.16e91701.js"
    },
    "action": {
      "type": "redirect",
      "redirect": {
        "extensionPath": "/overrides/weread/9.16e91701.js"
      }
    }
  },
  {
    "id": 8,
    "priority": 1,
    "condition": {
      "urlFilter": "9.58102893.js"
    },
    "action": {
      "type": "redirect",
      "redirect": {
        "extensionPath": "/overrides/weread/9.58102893.js"
      }
    }
  },
  {
    "id": 9,
    "priority": 1,
    "condition": {
      "urlFilter": "9.59e91cfc.js"
    },
    "action": {
      "type": "redirect",
      "redirect": {
        "extensionPath": "/overrides/weread/9.59e91cfc.js"
      }
    }
  },
  {
    "id": 10,
    "priority": 1,
    "condition": {
      "urlFilter": "9.6af71136.js"
    },
    "action": {
      "type": "redirect",
      "redirect": {
        "extensionPath": "/overrides/weread/9.6af71136.js"
      }
    }
  },
  {
    "id": 11,
    "priority": 1,
    "condition": {
      "urlFilter": "9.d02f35ce.js"
    },
    "action": {
      "type": "redirect",
      "redirect": {
        "extensionPath": "/overrides/weread/9.d02f35ce.js"
      }
    }
  }
]