[{"id":1,"priority":1,"condition":{"urlFilter":"6.014ecba2.js"},"action":{"type":"redirect","redirect":{"extensionPath":"/overrides/6.014ecba2.js"}}},{"id":2,"priority":1,"condition":{"urlFilter":"6.0cf1335d.js"},"action":{"type":"redirect","redirect":{"extensionPath":"/overrides/6.0cf1335d.js"}}},{"id":3,"priority":1,"condition":{"urlFilter":"6.0f8531aa.js"},"action":{"type":"redirect","redirect":{"extensionPath":"/overrides/6.0f8531aa.js"}}},{"id":4,"priority":1,"condition":{"urlFilter":"6.86c67fdd.js"},"action":{"type":"redirect","redirect":{"extensionPath":"/overrides/6.86c67fdd.js"}}},{"id":5,"priority":1,"condition":{"urlFilter":"6.8e17f59a.js"},"action":{"type":"redirect","redirect":{"extensionPath":"/overrides/6.8e17f59a.js"}}},{"id":6,"priority":1,"condition":{"urlFilter":"6.977228d7.js"},"action":{"type":"redirect","redirect":{"extensionPath":"/overrides/6.977228d7.js"}}},{"id":7,"priority":1,"condition":{"urlFilter":"6.9a7afd68.js"},"action":{"type":"redirect","redirect":{"extensionPath":"/overrides/6.9a7afd68.js"}}},{"id":8,"priority":1,"condition":{"urlFilter":"6.dd196dae.js"},"action":{"type":"redirect","redirect":{"extensionPath":"/overrides/6.dd196dae.js"}}},{"id":9,"priority":1,"condition":{"urlFilter":"7.20b30d46.js"},"action":{"type":"redirect","redirect":{"extensionPath":"/overrides/7.20b30d46.js"}}},{"id":10,"priority":1,"condition":{"urlFilter":"7.2fb98ce9.js"},"action":{"type":"redirect","redirect":{"extensionPath":"/overrides/7.2fb98ce9.js"}}},{"id":11,"priority":1,"condition":{"urlFilter":"7.c9fda82f.js"},"action":{"type":"redirect","redirect":{"extensionPath":"/overrides/7.c9fda82f.js"}}}]